Number of Elements (n)	 Time (sec) 
1	6e-08
10	1.2e-07
100	3.8e-07
1000	2.79e-06
10000	2.72e-05
100000	0.00027654
1000000	0.00253541
10000000	0.0179047
